{	"SampleFileName": "creditCardFraud_021119920_010222.csv",
	"LengthOfDateStampInFile": 8,
	"LengthOfTimeStampInFile": 6,
	"NumberofColumns" : 24,
	"ColName": {
		"LIMIT_BAL" : "Integer",
		"SEX": "Integer",
		"EDUCATION": "Integer",
		"MARRIAGE": "Integer",
		"AGE": "Integer",
		"PAY_0": "Integer",
		"PAY_2": "Integer",
		"PAY_3": "Integer",
		"PAY_4": "Integer",
		"PAY_5": "Integer",
		"PAY_6" : "Integer",
		"BILL_AMT1": "Integer",
		"BILL_AMT2": "Integer",
		"BILL_AMT3": "Integer",
		"BILL_AMT4": "Integer",
		"BILL_AMT5": "Integer",
		"BILL_AMT6": "Integer",
		"PAY_AMT1": "Integer",
		"PAY_AMT2": "Integer",
		"PAY_AMT3": "Integer",
		"PAY_AMT4" : "Integer",
		"PAY_AMT5": "Integer",
		"PAY_AMT6": "Integer",
		"default payment next month": "Integer"
	}
}
